id;name;category;price;rating
1;Учебный товар 1;Книги;575;4.0
2;Учебный товар 2;Курсы;660;4.2
3;Учебный товар 3;Инструменты;745;4.4
4;Учебный товар 4;Книги;830;4.6
5;Учебный товар 5;Курсы;915;4.8
6;Учебный товар 6;Инструменты;1000;3.8
7;Учебный товар 7;Книги;1085;4.0
8;Учебный товар 8;Курсы;1170;4.2
9;Учебный товар 9;Инструменты;1255;4.4
10;Учебный товар 10;Книги;1340;4.6
11;Учебный товар 11;Курсы;1425;4.8
12;Учебный товар 12;Инструменты;1510;3.8
13;Учебный товар 13;Книги;1595;4.0
14;Учебный товар 14;Курсы;1680;4.2
15;Учебный товар 15;Инструменты;1765;4.4
16;Учебный товар 16;Книги;1850;4.6
17;Учебный товар 17;Курсы;1935;4.8
18;Учебный товар 18;Инструменты;2020;3.8
